ID	Language	Document Title	Citation	Document Link	Research objective (LLM)	Research method (LLM)	Main conclusions (LLM)	Year of Publication	Scope of Paper	Specific Latin America Countries Cited	Country Count	Type of Document	Categories of Topics Discussed	Research Methods	Count of Innovation Units	Count of Organizations	Count of Projects	Count of Individuals
E01	English	Evaluating experimentation in the public sector: learning from a Brazilian innovation lab	Ferrarezi, E., Brandalise, I., & Lemos, J. (2021). Evaluating experimentation in the public sector: learning from a Brazilian innovation lab. Policy Design and Practice, 4(2), 292–308. https://doi.org/10.1080/25741292.2021.1930686	https://doi.org/10.1080/25741292.2021.1930686	Assess the impact and effectiveness of GNova, a Brazilian public sector innovation lab, in fostering competencies and innovation.	Case study with qualitative interviews and workshop-based data collection.	GNova contributes to competency development and public value creation beyond direct project outcomes.	2021	Single LatAm Country	Brazil	1	Peer-reviewed article	Challenges and influencing factors for success	Interviews, Workshops, Case Study/Comparative Analysis, Sensemaking	1	2	6	0
E02	English	Innovation labs in South American governments: Congruencies and peculiarities	Silva Junior, A. C. da, & Emmendoerfer, M. L. (2023). Innovation labs in South American Governments: Congruencies and peculiaritis. Brazilian Administration Review, 20(3), e220173. https://doi.org/10.1590/1807-7692bar2023220173	https://doi.org/10.1590/1807-7692bar2023220173	Identify and characterize innovation laboratories in South American governments, examining their roles, methodologies, and challenges.	Multiple-case study approach using documentary analysis, bibliographic research, and structured questionnaires.	South American government innovation labs primarily focus on organizational innovation rather than citizen-oriented initiatives.	2023	Multiple LatAm Countries	Argentina, Brazil, Chile, Colombia, Uruguay, Peru	6	Peer-reviewed article	Public innovation overview	Case Study/Comparative Analysis, Questionnaire	18	19	0	0
E04	English	Public Innovation and Living Labs in Action: A Comparative Analysis in post-New Public Management Contexts	Criado, J. I., Dias, T. F., Sano, H., Rojas-Martín, F., Silvan, A., & Filho, A. I. (2021). Public Innovation and Living Labs in Action: A Comparative Analysis in post-New Public Management Contexts. International Journal of Public Administration, 44(6), 451-464. https://doi.org/10.1080/01900692.2020.1729181	https://doi.org/10.1080/01900692.2020.1729181	Analyze public innovation labs (living labs) in Spain and Brazil to understand their implementation, methodologies, and impact on governance.	Comparative case study using qualitative methods, including document analysis and semi-structured interviews.	Innovation labs facilitate co-creation and policy innovation but struggle with scalability and institutional resistance.	2021	Multiple LatAm Countries	Brazil, Chile, Mexico	3	Peer-reviewed article	Comparison with other regions	Case Study/Comparative Analysis	1	8	4	0
E06	English	Policy innovation lab scholarship: past, present, and the future	Wellstead, A. M., Gofen, A., & Carter, A. (2021). Policy innovation lab scholarship: past, present, and the future – Introduction to the special issue on policy innovation labs. Policy Design and Practice, 4(2), 193–211. https://doi.org/10.1080/25741292.2021.1940700	https://doi.org/10.1080/25741292.2021.1940700	Review the evolution of policy innovation lab literature, highlighting trends, challenges, and future research directions.	Literature review and thematic analysis of existing policy lab studies.	Policy innovation labs have grown rapidly, but more rigorous research is needed on their practical impact.	2021	Single LatAm Country	Brazil	1	Peer-reviewed article	Public innovation overview	Systematic Literature Review	1	0	0	3
E07	English	An experimental evaluation tool for the Public Innovation Lab of the Uruguayan government	Zurbriggen, C., & González Lago, M. (2019). An experimental evaluation tool for the Public Innovation Lab of the Uruguayan government. Evidence & Policy, 15(3), 437–451. https://doi.org/10.1332/174426419X155374887175012019	https://doi.org/10.1332/174426419X155374887175012019	Develop and assess an evaluation tool for public innovation labs focusing on co-creation approaches in the Uruguayan government.	Action-research approach with a pilot prototype of an evaluation tool.	The evaluation tool developed provides a structured method for assessing public innovation and accountability.	2019	Single LatAm Country	Uruguay	1	Peer-reviewed article	Challenges and influencing factors for success	Case Study/Comparative Analysis	1	1	2	0
E08	English	Policy labs: the next frontier of policy design and evaluation?	Olejniczak, K., Borkowska-Waszak, S., Domaradzka-Widła, A., & Park, Y. (2020). Policy labs: the next frontier of policy design and evaluation?. Policy & Politics, 48(1), 89-110. https://doi.org/10.1332/030557319X15579230420108	https://doi.org/10.1332/030557319X15579230420108	Analyze the role of policy labs in improving policy design and evaluation, and explore synergies between evaluation methods and policy labs.	Comparative deductive content analysis of 20 policy labs across continents using grey literature and policy documents.	Policy labs enhance policy-making by integrating research methods but need better causal evaluation techniques.	2020	Multiple LatAm Countries	Brazil, Chile, Mexico, Argentina	4	Peer-reviewed article	Need for initiatives in public innovation, Challenges and influencing factors for success	Systematic Literature Review, Case Study/Comparative Analysis	5	0	0	0
E09	English	Innovation for better management: The contribution of public innovation labs	Acevedo, S., & Dassen, N. (2016). Innovation for Better Management: The Contribution of Public Innovation Labs. https://doi.org/10.18235/0010661	https://doi.org/10.18235/0010661	Examine the roles, challenges, and best practices of public innovation labs in Latin America, comparing them to international standards.	Survey of lab directors and case studies of two innovation labs in Latin America.	Public innovation labs in Latin America focus more on open government and citizen engagement but lack rigorous impact evaluation.	2016	Multiple LatAm Countries	Argentina, Brazil, Chile, Colombia, Ecuador, Mexico, Uruguay	7	Reports	Challenges and influencing factors for success, Comparison with other regions	Surveys, Interviews, Case Study/Comparative Analysis	17	12	6	23
E10	English	Experimental governance? The emergence of public sector innovation labs in Latin America	Ferreira, M., & Botero, A. (2020). Experimental governance? The emergence of public sector innovation labs in Latin America. Policy Design and Practice, 3(2), 150–162. https://doi.org/10.1080/25741292.2020.1759761	https://doi.org/10.1080/25741292.2020.1759761	Investigate the emergence and operational challenges of public sector innovation labs in Latin America.	Case study analysis of ten public sector innovation labs in Latin America.	Public innovation labs in Latin America face distinct challenges, including budget constraints and the need for network collaboration.	2020	Multiple LatAm Countries	Argentina, Brazil, Chile, Colombia, Ecuador, Mexico, Uruguay	7	Peer-reviewed article	Challenges and influencing factors for success, Public innovation overview	Case Study/Comparative Analysis	10	18	4	0
E11	English	Meeting expectations? Response of policy innovation labs to sustainable development goals	Esti Hoss-Golan, Anat Gofen, Adam M Wellstead, Meeting expectations? Response of policy innovation labs to sustainable development goals, Policy and Society, Volume 43, Issue 3, September 2024, Pages 334–350, https://doi.org/10.1093/polsoc/puae023	https://doi.org/10.1093/polsoc/puae023	Assess how policy innovation labs respond to the United Nations’ Sustainable Development Goals (SDGs) during policy formulation processes.	Database analysis of 211 European policy innovation labs and thematic coding of websites, supplemented by interviews with 31 senior lab employees.	Many policy innovation labs implicitly promote SDGs, with sustainable cities and health being the most commonly addressed goals.	2024	Single LatAm Country	Brazil	1	Peer-reviewed article	Comparison with other regions, Other	Other	1	0	1	0
S01	Spanish	Cultura organizacional como factor influyente en el grado de innovación en la Unidad Administrativa Especial de Catastro y Departamento Administrativo de la Defensoría del Espacio Público	Chaparro Castañeda, C.  (2022).  Cultura organizacional como factor influyente en el grado de innovación en la Unidad Administrativa Especial de Catastro y Departamento Administrativo de la Defensoría del Espacio Público.    Universidad de los Andes.  Disponible en: https://hdl.handle.net/1992/64026	https://hdl.handle.net/1992/64026	Identificar qué características de la cultura organizacional en dos entidades públicas de Bogotá están relacionadas con mayores niveles de innovación.	Investigación cualitativa con estudio de caso comparativo.	Factores como liderazgo, gestión del riesgo, resistencia al cambio y clima organizacional son claves en la innovación pública.	2022	Single LatAm Country	Colombia	1	Thesis	Challenges and influencing factors for success	Case Study/Comparative Analysis, Interviews	3	2	0	0
S02	Spanish	Abrir instituciones desde dentro [Hacking Inside Black Book]	Oliván Cortés, R. (2018). Abrir instituciones desde dentro [Hacking Inside Black Book]. LAAAB / Gobierno de Aragón. https://www.laaab.es/hackinginside/assets/chapters/Abrir%20instrucciones%20desde%20dentro%20[Hacking%20inside%20black%20book].pdf	https://www.laaab.es/hackinginside/assets/chapters/Abrir%20instrucciones%20desde%20dentro%20[Hacking%20inside%20black%20book].pdf	Explorar metodologías para la apertura institucional y el gobierno abierto a través de la innovación ciudadana.	Compilación de ensayos y estudios de caso sobre innovación ciudadana.	El gobierno abierto y la innovación ciudadana requieren metodologías participativas y estructuras flexibles.	2018	Multiple LatAm Countries	Brazil, Colombia, Chile, Mexico, Uruguay	5	Book Chapter	Public innovation overview	Case Study/Comparative Analysis, Sensemaking	22	7	15	7
S03	Spanish	Análisis cultura organizacional para la innovación pública en el Consejo Superior de la Judicatura	Gaona Cifuentes, N, Naranjo Buitrago, F y Sandoval Rincón, E.  (2023).  Análisis cultura organizacional para la innovación pública en el Consejo Superior de la Judicatura.    Universidad de los Andes.  Disponible en: https://hdl.handle.net/1992/67831	https://hdl.handle.net/1992/67831	Analizar las condiciones para el desarrollo de la innovación pública en el Consejo Superior de la Judicatura, desde su cultura organizacional y operación.	Investigación cualitativa con grupo focal y entrevistas semiestructuradas.	La transformación digital es una oportunidad para la innovación en la justicia, pero requiere cambios culturales y operativos.	2023	Single LatAm Country	Colombia	1	Reports	Public innovation overview, Challenges and influencing factors for success	Case Study/Comparative Analysis, Interviews	3	3	1	0
S04	Spanish	Una search-up gubernamental: La trayectoria del Equipo de Innovación Pública de Colombia	Christiansen, J., & Guillot Landecker, J. (2020). Una search-up gubernamental: La trayectoria del Equipo de Innovación Pública de Colombia. Departamento Nacional de Planeación. https://media.nesta.org.uk/documents/EiP_Nesta_interview_Spanish.pdf	https://media.nesta.org.uk/documents/EiP_Nesta_interview_Spanish.pdf	Describir la evolución y aprendizaje del Equipo de Innovación Pública de Colombia en el contexto gubernamental.	Análisis cualitativo basado en entrevistas y estudios de caso.	El concepto de 'search-up' es clave para fomentar la innovación pública de manera sistemática en el gobierno colombiano.	2020	Single LatAm Country	Colombia	1	Reports	Challenges and influencing factors for success	Case Study/Comparative Analysis, Interviews, Workshops, Sensemaking	1	2	4	2
S05	Spanish	Estudio del aporte de los métodos de diseño en la innovación pública	Williamson, M. J. (2020). Estudio del aporte de los métodos de diseño en la innovación pública. Centro de Estudios en Diseño y Comunicación. https://doi.org/10.18682/cdc.vi103.4168	https://doi.org/10.18682/cdc.vi103.4168	Caracterizar y evaluar el impacto de los métodos de diseño en la innovación pública.	Estudio descriptivo exploratorio con análisis de casos nacionales e internacionales.	El diseño y sus métodos pueden acelerar la innovación pública al centrarse en las necesidades del usuario y la experimentación iterativa.	2020	Single LatAm Country	Chile	1	Peer-reviewed article	Public innovation overview	Sensemaking, Case Study/Comparative Analysis	1	1	4	0
S06	Spanish	¿Qué distingue a los laboratorios de innovación? Análisis de las características con base en tres estudios de caso latinoamericanos	Galindez, C., & Nunez, A. (2020). ¿Qué distingue a los laboratorios de innovación? Análisis de las características con base en tres estudios de caso latinoamericanos: What distinguishes innovation labs? Analysis of the characteristics based on three Latin American case studies. European Public & Social Innovation Review, 5(2), 44–57. https://doi.org/10.31637/epsir.20-2.4	https://doi.org/10.31637/epsir.20-2.4	Analizar las características distintivas de los laboratorios de innovación en Argentina, Chile y México.	Estudio de casos comparativo cualitativo.	Los laboratorios de innovación pública facilitan la co-creación de políticas públicas y la experimentación.	2020	Multiple LatAm Countries	Argentina, Chile, Colombia, Mexico	4	Peer-reviewed article	Comparison with other regions, Public innovation overview	Case Study/Comparative Analysis	5	4	0	0
S07	Spanish	Laboratorios de innovación pública: apuntes para una hoja de ruta en materia de buenas prácticas	Rodríguez, E. (2019). Laboratorios de innovación pública :. Estado Abierto. Revista Sobre El Estado, La Administración Y Las Políticas Públicas, 3(1), pp. 107-132.	https://redtransparenciayparticipacion.es/?get_group_doc=10/1642185938-Laboratoriosdeinnovacinpblica-apuntesparaunahojaderutaenmateriadebuenasprcticas.pdf	Identificar buenas prácticas en laboratorios de innovación pública a partir de un estudio comparativo entre América y Europa.	Estudio comparativo de casos con enfoque descriptivo y analítico.	Los laboratorios de innovación pública presentan desafíos en sostenibilidad y escalabilidad.	2018	Multiple LatAm Countries	Argentina, Colombia, Brazil, Chile, Uruguay, Mexico	6	Peer-reviewed article	Comparison with other regions, Challenges and influencing factors for success	Case Study/Comparative Analysis	8	2	0	0
S08	Spanish	Laboratorio de innovación social: hibridación creativa entre las necesidades sociales y las experiencias significativas de los estudiantes de administración de empresas	Hernández-Gil, C., & Jaramillo-Gaitán, F. A. (2020). Laboratorio de innovación social: hibridación creativa entre las necesidades sociales y las experiencias significativas de los estudiantes de administración de empresas. Rev. Investig. Desarro. Innov., 10(2), 267-281.	http://www.scielo.org.co/scielo.php?script=sci_arttext&pid=S2027-83062020000100267	Explorar la aplicación de un laboratorio de innovación social para fomentar la creatividad entre las necesidades sociales y los estudiantes de administración de empresas.	Investigación-acción con enfoque cualitativo.	Los laboratorios de innovación social pueden mejorar la creatividad y el aprendizaje de los estudiantes.	2019	Single LatAm Country	Colombia	1	Peer-reviewed article	Need for initiatives in public innovation	Case Study/Comparative Analysis, Workshops	1	1	1	0
S09	Spanish	Desafíos de la innovación pública en municipalidades	Aguilar Villalobos, C. (2018). Desafíos de la innovación pública en municipalidades. InterNaciones, 5(13).	https://doi.org/10.32870/in.v5i13.7065	Presentar la experiencia de implementación de un proyecto de gestión de la innovación pública en una municipalidad chilena.	Análisis de caso con revisión documental y entrevistas.	La co-creación y la flexibilidad institucional son claves para la innovación municipal.	2018	Single LatAm Country	Chile	1	Peer-reviewed article	Need for initiatives in public innovation, Challenges and influencing factors for success	Case Study/Comparative Analysis	1	20	1	4
S10	Spanish	Análisis del comportamiento intraemprendedor en el sector público: un estudio de los Laboratorios Gubernamentales de Innovación en Sudamérica	Silva Junior, A. C., Emmendoerfer, M. L., Correa Silva, M. A., & Zambrano Pontón, M. B. (2022). Análisis del comportamiento intraemprendedor en el sector público: un estudio de los Laboratorios Gubernamentales de Innovación en Sudamérica. Revista Mexicana de Análisis Político y Administración Pública, 11(21), 81-108.	https://doi.org/10.15174/remap.v11i21.380	Comprender cómo se manifiesta el comportamiento intraemprendedor en laboratorios gubernamentales de Sudamérica.	Estudio cuantitativo basado en cuestionarios y análisis documental.	El intraemprendimiento en el sector público es impulsado por la innovación, la proactividad y el liderazgo.	2022	Multiple LatAm Countries	Argentina, Chile, Colombia, Brazil, Uruguay	5	Peer-reviewed article	Challenges and influencing factors for success, Public innovation overview	Surveys, Case Study/Comparative Analysis	18	0	0	0
S11	Spanish	Facilitadores e inhibidores de la innovación pública: percepción desde la red de innovadores en Chile	Cienfuegos, I., & Vera, A. (2019). Facilitadores e inhibidores de la innovación pública: percepción desde la red de innovadores en Chile. Revista del CLAD Reforma y Democracia, 75, 201-232.	https://revistas.tec-ac.cr/index.php/tec_empresarial/article/view/578	Identificar factores que facilitan o inhiben la innovación en el sector público chileno desde la percepción de funcionarios.	Encuestas y análisis documental con enfoque cuantitativo y cualitativo.	Factores como la cultura organizacional y la gestión del riesgo impactan la innovación en el sector público.	2019	Single LatAm Country	Chile	1	Peer-reviewed article	Challenges and influencing factors for success	Surveys	1	3	0	0
S12	Spanish	Innovación pública municipal en Chile. Análisis comparado de las estrategias de Puente Alto, Peñalolén y Renca	Henríquez, S., & Ramírez-Alujas, A. (2022). Innovación pública municipal en Chile. Análisis comparado de las estrategias de Puente Alto, Peñalolén y Renca. Revista Iberoamericana de Estudios Municipales, 25, 1-26.	http://dx.doi.org/10.32457/riem25.1733	Analizar las estrategias de innovación en tres municipios chilenos y comparar sus modelos de gestión.	Análisis comparativo de casos con entrevistas y revisión documental.	Las estrategias de innovación municipal deben adaptarse a contextos locales y promover la participación.	2022	Single LatAm Country	Chile	1	Peer-reviewed article	Challenges and influencing factors for success, Other	Case Study/Comparative Analysis, Interviews	3	3	10	0
S14	Spanish	¿Cómo estamos midiendo la innovación en el Estado?: una evaluación al Índice de Innovación Pública del Laboratorio de Gobierno	Contreras Villanueva, R. (2024). ¿Cómo estamos midiendo la innovación en el Estado?: una evaluación al Índice de Innovación Pública del Laboratorio de Gobierno. Universidad de Chile.	https://repositorio.uchile.cl/handle/2250/200047	Evaluar el impacto del Índice de Innovación Pública en las capacidades de innovación de los servicios públicos en Chile.	Evaluación de impacto con enfoque mixto (cualitativo y cuantitativo).	El Índice de Innovación Pública contribuye al desarrollo de capacidades innovadoras en el sector público.	2024	Multiple LatAm Countries	Chile, Colombia, Uruguay	3	Thesis	Challenges and influencing factors for success	Interviews, Systematic Literature Review	4	37	1	0
S15	Spanish	Katapulta: un laboratorio de innovación del sector público en épocas de pandemia	Caycho, M. (2021). Katapulta: un laboratorio de innovación del sector público en épocas de pandemia. En PENSIONES PARA TODOS: Propuestas para Sistemas de Pensiones más Inclusivos en Latinoamérica.	https://www.pinboxsolutions.com/wp-content/themes/PinBox-V1.1/pdf/lacBookChapters/pinBoxLatinAmericaBook_Chapter1.pdf	Documentar la implementación del laboratorio de innovación Katapulta en la Oficina de Normalización Previsional de Perú y sus respuestas durante la pandemia.	Estudio de caso con observación participativa y entrevistas.	El laboratorio Katapulta permitió virtualizar servicios esenciales y mejorar la experiencia de los usuarios del sistema previsional.	2022	Single LatAm Country	Peru	1	Book Chapter	Challenges and influencing factors for success, Other	Case Study/Comparative Analysis, Other	1	1	203	2
S16	Spanish	Innovación pública: un modelo de aportación de valor	Sánchez, C., Lasagna, M., & Marcet, X. (2013). Innovación pública: un modelo de aportación de valor. RIL editores.	https://www.itcip.es/wp-content/uploads/2023/02/Lasagna-2013-Innovacion-Publica-1.pdf	Desarrollar un modelo de innovación pública para la creación de valor en la administración pública.	Análisis de casos y revisión teórica sobre gestión de la innovación pública.	La innovación pública debe integrarse en la gestión del sector público para maximizar el valor público.	2013	Single LatAm Country	Chile	1	Book Chapter	Public innovation overview	Case Study/Comparative Analysis, Sensemaking	3	4	20	1
S17	Spanish	El Laboratorio de Diseño: Un Análisis del Rol del Diseño en los Laboratorios de Innovación Pública Chilenos	Ebensperger Carrasco, B. (2021). El Laboratorio de Diseño: Un Análisis del Rol del Diseño en los Laboratorios de Innovación Pública Chilenos. Universidad de Chile.	https://repositorio.uchile.cl/handle/2250/186507	Analizar el rol del diseño en los laboratorios de innovación pública en Chile.	Estudio exploratorio cualitativo con análisis de casos de laboratorios de innovación.	El diseño es un componente esencial en la estructuración de laboratorios de innovación pública.	2021	Single LatAm Country	Chile	1	Book Chapter	Public innovation overview	Systematic Literature Review, Case Study/Comparative Analysis, Interviews	6	8	13	4
S18	Spanish	Laboratorios de Innovación Pública como Espacios Generadores de Valor Público en México	Ramírez Peña, L. G. (2022). Laboratorios de Innovación Pública como Espacios Generadores de Valor Público en México. Universidad Autónoma del Estado de México.	https://www.redalyc.org/pdf/7382/738280872007.pdf	Explorar cómo los laboratorios de innovación pública en México generan valor público.	Investigación cualitativa con análisis documental y entrevistas.	Los laboratorios de innovación pueden mejorar la eficiencia y legitimidad de la gestión pública.	2022	Multiple LatAm Countries	Mexico, Colombia, Chile, Argentina, Brazil, Uruguay	6	Thesis	Public innovation overview	Case Study/Comparative Analysis, Surveys	14	9	31	5
S19	Spanish	Innovación social y pública: experiencias de laboratorios en la ciudad de Medellín	Restrepo-Medina, L. P., Arias-Arciniegas, C. M., Correa-Cadavid, C. M., & Restrepo-Quirós, J. H. (2021). Innovación social y pública: experiencias de laboratorios en la ciudad de Medellín. Trilogía Ciencia Tecnología Sociedad, 13(25), e1907.	https://doi.org/10.22430/21457778.1907	Examinar el vínculo entre la innovación social y pública en laboratorios de Medellín.	Revisión sistemática de literatura y cuestionarios en laboratorios de innovación.	Los laboratorios de innovación social fortalecen la participación ciudadana y la resolución de problemas locales.	2021	Single LatAm Country	Colombia	1	Peer-reviewed article	Challenges and influencing factors for success, Need for initiatives in public innovation	Systematic Literature Review, Questionnaire	3	4	10	3
S20	Spanish	Innovación en el sector público en Colombia: retos y oportunidades	Peña Riveros, Y. M. (2022). Innovación en el sector público en Colombia: retos y oportunidades. Universidad Militar Nueva Granada.	https://repository.umng.edu.co/server/api/core/bitstreams/736089ff-c6b2-4bc8-99f0-c36a9a41bd6a/content	Identificar los retos y oportunidades en la innovación del sector público en Colombia.	Investigación documental cualitativa y descriptiva.	El sector público colombiano enfrenta barreras burocráticas para la innovación, pero tiene oportunidades significativas.	2022	Single LatAm Country	Colombia	1	Undergrad Work	Challenges and influencing factors for success	Other	1	2	1	0
S22	Spanish	¿Qué es y para qué sirve un Laboratorio de Innovación Ciudadana? El caso del LABICxlaPaz	Resina, J. (2019). ¿Qué es y para qué sirve un Laboratorio de Innovación Ciudadana? El caso del LABICxlaPaz. Revista del CLAD Reforma y Democracia, 74, 31-62.	https://doi.org/10.69733/clad.ryd.n74.a182	Investigar la utilidad y el impacto de los laboratorios de innovación ciudadana, a partir del caso LABICxlaPaz.	Estudio de caso con observación y entrevistas en un laboratorio ciudadano.	Los laboratorios ciudadanos permiten generar soluciones innovadoras con alto impacto social.	2019	Single LatAm Country	Colombia	1	Peer-reviewed article	Challenges and influencing factors for success	Case Study/Comparative Analysis	2	4	2	0
S23	Spanish	La innovación en el sector público: tendencias internacionales y experiencias mexicanas	Cejudo, G., Dussauge Laguna, M., & Michel, C. (2016). La innovación en el sector público: tendencias internacionales y experiencias mexicanas. Instituto Nacional de Administración Pública; Centro de Investigación y Docencia Económicas.	https://inap.mx/wp-content/uploads/2020/10/INAP-Innovacion-2020.pdf	Analizar tendencias internacionales y experiencias mexicanas en innovación pública.	Comparación de experiencias internacionales y nacionales en innovación pública.	Las tendencias internacionales en innovación pública pueden adaptarse para mejorar la gestión en México.	2016	Multiple LatAm Countries	Mexico, Chile, Argentina	3	Book Chapter	Public innovation overview, Comparison with other regions, Challenges and influencing factors for success	Systematic Literature Review	4	4	2	0
S24	Spanish	Metodología para implementar sistemas de gestión de la innovación en el sector público chileno	Salinas Aladro, M. I. (2012). Metodología para implementar sistemas de gestión de la innovación en el sector público chileno. Universidad de Chile.	https://repositorio.uchile.cl/handle/2250/111361	Desarrollar una metodología para gestionar la innovación en el sector público chileno.	Análisis de literatura, estudio de casos y entrevistas a stakeholders.	La innovación en el sector público requiere institucionalización y metodologías claras.	2012	Single LatAm Country	Chile	1	Thesis	Challenges and influencing factors for success, Need for initiatives in public innovation	Case Study/Comparative Analysis, Systematic Literature Review, Interviews, Surveys	1	5	5	5
S26	Spanish	Innovación pública al servicio de las personas	Yosif, R. (2024). Innovación pública al servicio de las personas. Cuadernos del Desarrollo.	https://scioteca.caf.com/bitstream/handle/123456789/2330/Cuaderno%20del%20Desarrollo%2024%20-%20Innovaci%c3%b3n%20p%c3%bablica%20al%20servicio%20de%20las%20personas.pdf?sequence=1&isAllowed=y	Explorar el impacto de la innovación pública en la gestión y gobernanza.	Análisis teórico y revisión de experiencias internacionales.	La innovación pública requiere un enfoque sistémico y la participación ciudadana para ser efectiva.	2024	Multiple LatAm Countries	Chile, Colombia, Argentina	3	Reports	Challenges and influencing factors for success	Case Study/Comparative Analysis, Sensemaking	2	1	5	1
S27	Spanish	Laboratorios de innovación para cambiar la gestión pública: análisis del caso NovaGob.Lab	Criado, J. I., Rojas-Martín, F., & Silván, A. (2017). Laboratorios de innovación para cambiar la gestión pública: análisis del caso NovaGob.Lab. Revista de Gestión Pública, 6(1), 19-42.	https://novagob.org/wp-content/uploads/2018/03/Criadoetal-1.pdf	Analizar el caso NovaGob.Lab como laboratorio de innovación pública en España.	Estudio de caso con enfoque cualitativo.	Los laboratorios de innovación son herramientas clave para transformar la gestión pública.	2017	Multiple LatAm Countries	Argentina, Chile, Mexico	3	Peer-reviewed article	Need for initiatives in public innovation	Case Study/Comparative Analysis	4	4	0	0
S28	Spanish	Laboratorios de innovación en economías emergentes: fundamentos básicos para el sector público	Ponce Villegas, A. (2021). Laboratorios de innovación en economías emergentes: fundamentos básicos para el sector público. Universidad Nacional Mayor de San Marcos.	https://doi.org/10.54774/ss.2021.05.08	Examinar el desarrollo de laboratorios de innovación en el sector turismo en economías emergentes.	Investigación exploratoria basada en entrevistas y análisis documental.	El sector turismo presenta oportunidades para la implementación de laboratorios de innovación.	2021	Multiple LatAm Countries	Peru, Uruguay, Colombia	3	Peer-reviewed article	Challenges and influencing factors for success	Interviews, Systematic Literature Review, Case Study/Comparative Analysis	8	2	0	0
S29	Spanish	Los laboratorios de innovación desde una perspectiva de Gobierno Abierto	Cerdas, R., Céspedes, C., & Cortés, M. (2017). Los laboratorios de innovación desde una perspectiva de Gobierno Abierto. Universidad de Costa Rica.	https://www.ucr.ac.cr/medios/documentos/2018/informe_laboratorios_de_innovacion.pdf	Evaluar el papel de los laboratorios de innovación en la transformación del Estado hacia un modelo de Gobierno Abierto.	Revisión de literatura y análisis comparado de iniciativas.	Los laboratorios de innovación pueden facilitar la apertura del Estado y la co-creación de políticas.	2017	Multiple LatAm Countries	Costa Rica, Chile	2	Reports	Public innovation overview	Systematic Literature Review, Case Study/Comparative Analysis	3	2	14	0
S30	Spanish	La experiencia del Laboratorio de Gobierno y su contribución en el desarrollo de la innovación en el sector público chileno	Arros Valdivia, V. (2016). La experiencia del Laboratorio de Gobierno y su contribución en el desarrollo de la innovación en el sector público chileno. Universidad de Chile.	https://repositorio.uchile.cl/handle/2250/138133	Analizar la experiencia del Laboratorio de Gobierno en Chile y su impacto en la innovación pública.	Análisis de caso con enfoque metodológico del doble diamante.	La innovación en el sector público chileno enfrenta desafíos estructurales y culturales.	2016	Multiple LatAm Countries	Chile, Mexico, Argentina, Colombia, Brazil	5	Thesis	Challenges and influencing factors for success	Interviews, Case Study/Comparative Analysis	10	4	1	0
S31	Spanish	Generando buenas prácticas de innovación pública desde las regiones: “Piensa con I”	Gaete Quezada, R., Acevedo Muñoz, S., Carmona Robles, G., & Palta Layana, O. (2019). Generando buenas prácticas de innovación pública desde las regiones: “Piensa con I”. Innovar, 29(73), 147-159.	https://doi.org/10.15446/innovar.v29n74.82095	Documentar y evaluar la implementación de buenas prácticas de innovación pública en la región de Antofagasta, Chile.	Sistematización de prácticas y evaluación de impacto.	Es necesario fortalecer la cultura de innovación en el sector público regional.	2018	Single LatAm Country	Chile	1	Peer-reviewed article	Public innovation overview	Case Study/Comparative Analysis, Workshops	1	0	6	0
S32	Spanish	Laboratorios para la innovación pública: de las experiencias a los aprendizajes, de los aprendizajes a los desafíos	RedInnolabs. (2018). Laboratorios para la innovación pública: de las experiencias a los aprendizajes, de los aprendizajes a los desafíos. CYTED.	https://www.cyted.org/assets/img/publicacao/55/laboratorios_de_innovacion_redinnolabs.pdf	Compilar experiencias de laboratorios de innovación pública en Iberoamérica y extraer aprendizajes clave.	Compilación de experiencias y estudios de caso.	La colaboración entre laboratorios de innovación en Iberoamérica puede generar aprendizaje mutuo.	2018	Multiple LatAm Countries	Chile, Brazil, Argentina, Mexico, Colombia	5	Reports	Public innovation overview, Challenges and influencing factors for success	Case Study/Comparative Analysis	6	1	3	6
S33	Spanish	Laboratorios de innovación ciudadana, espacios para el hacer digital crítico	Bordignon, F. R. A. (2017). Laboratorios de innovación ciudadana, espacios para el hacer digital crítico. Virtualidad, Educación y Ciencia, 14(8), 165-181.	https://doi.org/10.60020/1853-6530.v8.n14.17343	Explorar el concepto de laboratorios de innovación ciudadana y su papel en la educación y la participación digital.	Análisis cualitativo y revisión teórica.	Los laboratorios de innovación ciudadana pueden ser espacios clave para la educación digital crítica.	2017	Multiple LatAm Countries	Brazil, Mexico, Chile	3	Peer-reviewed article	Challenges and influencing factors for success, Public innovation overview	Case Study/Comparative Analysis	3	0	1	0
S34	Spanish	Innovación en el sector público chileno: la experiencia y aprendizajes del Laboratorio de Gobierno	Arros, V., & Ramírez-Alujas, Á. (2017). Innovación en el sector público chileno: la experiencia y aprendizajes del Laboratorio de Gobierno. Revista de Gestión Pública, 6(1), 43-80.	https://doi.org/10.22370/rgp.2017.6.1.2215	Identificar aprendizajes clave de la implementación del Laboratorio de Gobierno en Chile.	Análisis de caso basado en entrevistas y documentación.	El Laboratorio de Gobierno en Chile ha sido un motor clave en la innovación pública.	2017	Multiple LatAm Countries	Chile, Mexico, Colombia	3	Peer-reviewed article	Public innovation overview, Challenges and influencing factors for success	Case Study/Comparative Analysis	5	8	1	0
S35	Spanish	Laboratorios de gobierno para la innovación y burocracias públicas: conocimiento mutuo e interacción para transformar la gestión pública	Long, F. & NovaGob.Lab (2018). Laboratorios de gobierno para la innovación y burocracias públicas: conocimiento mutuo e interacción para transformar la gestión pública. RedInnolabs.	https://novagob.org/wp-content/uploads/2020/01/LABgob-Innovacion-y-burocracias-publicas.pdf	Examinar la interacción entre laboratorios de gobierno y burocracias públicas en Iberoamérica.	Encuestas y entrevistas a funcionarios públicos en Iberoamérica.	Las burocracias públicas deben adaptarse para aprovechar el potencial de los laboratorios de innovación.	2018	Multiple LatAm Countries	Colombia, Argentina, Brazil, Uruguay	4	Reports	Public innovation overview, Challenges and influencing factors for success	Case Study/Comparative Analysis, Interviews	5	5	9	5
S36	Spanish	Análisis comparado de innovación pública local desde la innovación social: ¿Qué cambia?	Aycaguer Fuenteaba, M. (2021). Análisis comparado de innovación pública local desde la innovación social: ¿Qué cambia? Universitat de Barcelona.	https://hdl.handle.net/2445/187038	Analizar la relación entre innovación social e innovación pública en el ámbito local en Chile.	Estudio comparativo de casos con análisis cualitativo.	La innovación social contribuye al fortalecimiento de la gobernanza local.	2021	Single LatAm Country	Chile	1	Thesis	Public innovation overview	Case Study/Comparative Analysis, Interviews	2	2	0	0
S37	Spanish	Factores que inciden en el desarrollo de proyectos de innovación pública: un estudio de caso del programa Experimenta de Laboratorio de Gobierno	Hermosilla Varela, D. I. (2020). Factores que inciden en el desarrollo de proyectos de innovación pública: un estudio de caso del programa Experimenta de Laboratorio de Gobierno. Universidad de Chile.	https://repositorio.uchile.cl/handle/2250/177550	Identificar los factores que influyen en el desarrollo de proyectos de innovación en el sector público chileno.	Estudio de caso con metodología mixta (cualitativa y cuantitativa).	La voluntad política y los procesos participativos son clave en la innovación pública.	2020	Multiple LatAm Countries	Chile, Brazil	2	Thesis	Public innovation overview, Challenges and influencing factors for success	Case Study/Comparative Analysis, Surveys	5	11	1	0
S38	Spanish	Laboratorio de Innovación Social: escenario de participación, apropiación social e interdisciplinariedad	Giraldo-Gutiérrez, F. L., Ortiz-Clavijo, L. F., & Zapata Cardona, G. A. (2020). Laboratorio de Innovación Social: escenario de participación, apropiación social e interdisciplinariedad. European Public & Social Innovation Review, 5(1).	https://epsir.net/index.php/epsir/article/view/127/75	Explorar el impacto de los laboratorios de innovación social en el desarrollo socioeconómico.	Revisión de literatura y estudio de caso del LIS en Medellín.	La innovación social es fundamental para la apropiación del conocimiento y el desarrollo socioeconómico.	2020	Single LatAm Country	Colombia	1	Peer-reviewed article	Public innovation overview	Case Study/Comparative Analysis, Systematic Literature Review	3	3	8	0
S40	Spanish	Desde el gobierno abierto al Estado abierto en América Latina y el Caribe	Naser, A., Ramírez-Alujas, Á., & Rosales, D. (2017). Desde el gobierno abierto al Estado abierto en América Latina y el Caribe. CEPAL.	https://repositorio.cepal.org/server/api/core/bitstreams/ecd740e2-016e-4c68-896d-38b47e2c7c89/content	Explorar el tránsito del gobierno abierto al Estado abierto en América Latina y el Caribe.	Revisión documental y análisis comparado de iniciativas de gobierno abierto.	El tránsito hacia el Estado abierto requiere institucionalización y participación ciudadana.	2017	Multiple LatAm Countries	Ecuador, Argentina, Brazil, Mexico, Argentina, Uruguay	6	Book Chapter	Challenges and influencing factors for success, Public innovation overview	Case Study/Comparative Analysis	7	6	22	0
S42	Spanish	Laboratorios de Innovación Pública en América Latina: Cambio y estabilidad en gobiernos locales	Millán Vargas, A. O. (2021). Laboratorios de Innovación Pública en América Latina: Cambio y estabilidad en gobiernos locales. Universidad Autónoma del Estado de México.	https://drive.google.com/file/d/150f0JZw_PDR_X0dIXU1JAB1ljFKYSfyz/view	Analizar el desarrollo y estabilidad de los laboratorios de innovación pública en gobiernos locales de América Latina.	Investigación cualitativa basada en estudios de caso en varios países de América Latina.	Los laboratorios de innovación pública pueden generar cambios significativos si cuentan con estabilidad organizacional.	2021	Multiple LatAm Countries	Brazil, Chile, Ecuador, Mexico, Uruguay, Argentina	6	Thesis	Challenges and influencing factors for success	Case Study/Comparative Analysis, Interviews, Questionnaire	12	12	21	0
S43	Spanish	Experiencia comunicacional en el laboratorio de innovación de la Oficina de Cumplimiento de Gobierno e Innovación Sectorial – OCGIS de la PCM	Llosa Ricketts, M. A. L. (2020). Experiencia comunicacional en el laboratorio de innovación de la Oficina de Cumplimiento de Gobierno e Innovación Sectorial – OCGIS de la Presidencia de Consejo de Ministros del Perú. Universidad de Lima.	https://drive.google.com/file/d/1Q4J6O-JX1rAkAIyuSfnyZ6PEqHXO91Q3/view	Evaluar la experiencia comunicacional en el laboratorio de innovación de la PCM en Perú.	Estudio de caso con enfoque comunicacional y organizacional.	La comunicación efectiva es clave para la implementación de laboratorios de innovación en el sector público.	2020	Single LatAm Country	Peru	1	Undergrad Work	Challenges and influencing factors for success	Case Study/Comparative Analysis, Workshops	2	4	20	1
S48	Spanish	Laboratorios de innovación: repensando las fronteras de la administración pública	Long, F., & Rodríguez, E. (2017). Laboratorios de innovación: repensando las fronteras de la administración pública. Universidad Nacional de Rosario.	https://alacip.org/cong17/estadm-12long9c.pdf	Explorar el papel de los laboratorios de innovación en la reinterpretación de las capacidades estatales y su impacto en la administración pública.	Estudio exploratorio basado en la observación de experiencias en laboratorios de innovación y análisis de políticas públicas.	Los laboratorios de innovación son clave en la transformación de las capacidades estatales, pero enfrentan desafíos en su integración dentro de las estructuras gubernamentales.	2017	Multiple LatAm Countries	Argentina, Brazil, Uruguay	3	Conference proceedings	Challenges and influencing factors for success	Case Study/Comparative Analysis	5	1	17	1
S50	Spanish	Laboratorios de Innovación Ciudadana: nueva institucionalidad para un futuro sostenible	Secretaría General Iberoamericana (SEGIB). (2018). Pensamiento Iberoamericano, 3.ª época, n.º 2: “Una Iberoamérica próspera, inclusiva y sostenible”. Madrid: SEGIB.	https://share.google/hueqwdNlH4bggBkQu	Presentar y fundamentar a los LABIC como una nueva institucionalidad que reconecta Estado y ciudadanía y que contribuye a los ODS, explicando su funcionamiento y valor público.	Artículo conceptual/descriptivo con ejemplos de caso	Los LABIC son itinerantes (15 días), co-producen soluciones con comunidades, trabajan en 10 proyectos por edición y usan licencias abiertas para facilitar replicación y fortalecer bienes comunes.	2018	Multiple LatAm Countries	Mexico, Brasil, Uruguay, Argentina, Colombia, Chile, Ecuador	7	Reports	Public innovation overview	Other, Case Study/Comparative Analysis	2	2	14	0
P01	Portuguese	Laboratórios de inovação no setor público e aproximações com agências internacionais	Emmendoerfer, M. L., Olavo, A. V. A., Carvalho Junior, J. R. A. de, & Silva Junior, A. C. da.(2022). Laboratórios de inovação no setor público e aproximações com agências internacionais. Revista De Relaciones Internacionales, Estrategia Y Seguridad, 17(2), 139–153.	https://doi.org/10.18359/ries.5761	Caracterizar laboratórios de inovação no setor público quanto à proximidade com agências internacionais.	Revisão narrativa baseada em fontes documentais e bibliográficas teóricas e empíricas.	Existem dois tipos principais de laboratórios: organizacionais e sociais, ambos influenciados por agências internacionais.	2022	Multiple LatAm Countries	Brazil, Argentina	2	Peer-reviewed article	Public innovation overview	Systematic Literature Review	3	3	0	0
P02	Portuguese	Laboratórios de inovação em governo como intermediadores de problemas públicos na América Latina	Lauriano, N. G., & Ferreira, M. A. M. (2022). Laboratórios de inovação em governo como intermediadores de problemas públicos na América Latina. Internext, 17(3), 413-429.	https://doi.org/10.18568/internext.v17i3.691	Investigar os problemas públicos associados aos laboratórios de inovação em governo na América Latina e as soluções projetadas.	Pesquisa documental com análise qualitativa de 29 projetos realizados por laboratórios latino-americanos.	Soluções são principalmente voltadas para a criação de protótipos, uso de dados e plataformas digitais, visando melhorias em processos e serviços.	2022	Multiple LatAm Countries	Brazil, Argentina, Chile	3	Peer-reviewed article	Public innovation overview, Challenges and influencing factors for success	Case Study/Comparative Analysis	3	3	9	0
P03	Portuguese	Design e governo: uma investigação sobre a aplicação do design em laboratórios de inovação em âmbito governamental	Ferreira, B. C. C. M. (2021). Design e governo: uma investigação sobre a aplicação do design em laboratórios de inovação em âmbito governamental. Dissertação (Mestrado em Design) — Escola Superior de Desenho Industrial, Universidade do Estado do Rio de Janeiro, Rio de Janeiro.	https://www.bdtd.uerj.br:8443/bitstream/1/17107/2/Disserta%C3%A7%C3%A3o%20-%20Beatriz%20Carvalho%20de%20Castro%20Martins%20Ferreira%20-%202021%20-%20Completa.pdf	Investigar como o design tem sido implementado nos processos de inovação em instâncias governamentais brasileiras.	Estudo de caso com acompanhamento de dois projetos e entrevistas com integrantes do laboratório (011).lab.	O uso do design é restrito a etapas específicas, revelando uma compreensão limitada sobre suas potencialidades no processo inovador.	2021	Single LatAm Country	Brazil	1	Thesis	Public innovation overview, Challenges and influencing factors for success	Systematic Literature Review, Case Study/Comparative Analysis, Interviews	1	1	2	0
P04	Portuguese	Características dos laboratórios de inovação no setor público a nível nacional: uma revisão da literatura	Oliveira, L. D. A., & Sousa, J. C. (2022). Características dos laboratórios de inovação no setor público a nível nacional: uma revisão da literatura. Revista do Serviço Público, 73(2), 339-358.	https://doi.org/10.21874/rsp.v73i2	Compreender a natureza dos laboratórios de inovação no setor público e as principais características dos modelos existentes no Brasil.	Revisão bibliográfica sistemática em bases nacionais e internacionais.	Laboratórios públicos são influenciados por abordagens como o Design Thinking e movimentos reformistas como a Nova Gestão Pública.	2022	Single LatAm Country	Brazil	1	Peer-reviewed article	Comparison with other regions	Systematic Literature Review	7	7	0	0
P05	Portuguese	Laboratórios de inovação e barreiras ao intraempreendedorismo em governos	Silva Junior, A. C., Emmendoerfer, M. L., Lauriano, N. G., & Silva, M. A. C. (2024). Laboratórios de inovação e barreiras ao intraempreendedorismo em governos. Cadernos Gestão Pública e Cidadania, 29, e90107. https://doi.org/10.12660/cgpc.v29.90107	https://doi.org/10.12660/cgpc.v29.90107	Analisar as potencialidades dos laboratórios de inovação para reduzir barreiras ao comportamento intraempreendedor no setor público.	Pesquisa qualitativa, bibliográfica, documental e questionários estruturados.	Laboratórios de inovação minimizam barreiras intraempreendedoras como burocracia, flexibilidade limitada e resistência à mudança através de métodos ágeis e criatividade.	2024	Multiple LatAm Countries	Brazil, Uruguay, Argentina, Chile, Colombia	5	Peer-reviewed article	Public innovation overview, Challenges and influencing factors for success	Systematic Literature Review, Questionnaire	18	18	0	0
P06	Portuguese	A mudança cultural da gestão judicial	Zanoni, L. O. T. C. (2022). A mudança cultural da gestão judicial: inovação como base da busca da excelência do serviço público.	https://doi.org/10.5151/9788580393941-02	Explorar a cultura de inovação na gestão judicial processual e administrativa.	Revisão bibliográfica e estudo de caso qualitativo	Inovação gerencial e cultural melhora a eficiência no Judiciário, apesar de resistências internas à mudança.	2022	Single LatAm Country	Brazil	1	Peer-reviewed article	Public innovation overview, Comparison with other regions	Case Study/Comparative Analysis	2	1	0	3
P10	Portuguese	Design etnográfico e imersão ágil: experimentos em projetos do laboratório de inovação em governo	Ferrarezi, E., Mendonça, L. K., Metello, D. G., & Bonduki, M. (2019). Design etnográfico e imersão ágil: experimentos em projetos do laboratório de inovação em governo. In P. Cavalcante (Org.), Inovação e Políticas Públicas: superando o mito da ideia. Ipea.	http://repositorio.ipea.gov.br/handle/11058/9388	Avaliar o uso de metodologias de design etnográfico e imersão ágil em projetos públicos.	Estudo de caso qualitativo	Metodologias etnográficas e ágeis permitem melhor compreensão e resolução efetiva de desafios públicos, focando em usuários.	2019	Single LatAm Country	Brazil	1	Book Chapter	Public innovation overview	Case Study/Comparative Analysis	1	1	3	1
P11	Portuguese	Inovação e empreendedorismo no setor público	Emmendoerfer, M. L. (2019). Inovação e empreendedorismo no setor público. Brasília: Enap.	http://repositorio.enap.gov.br/handle/1/4282	Explorar conceitos e práticas de inovação e empreendedorismo na administração pública.	Revisão bibliográfica qualitativa e reflexiva	A inovação e o empreendedorismo têm potencial crescente na administração pública, contribuindo para melhores resultados e serviços públicos mais eficazes e criativos.	2019	Single LatAm Country	Brazil	1	Reports	Public innovation overview, Need for initiatives in public innovation, Challenges and influencing factors for success	Systematic Literature Review, Case Study/Comparative Analysis	0	1	0	1
P13	Portuguese	Organização do trabalho nas dinâmicas de inovação: Evidências na administração pública	Saldanha, C. C. T., & Cruz, M. V. G. (2022). Organização do trabalho nas dinâmicas de inovação: Evidências na administração pública. Cadernos Gestão Pública e Cidadania, 27(86), e83110. https://doi.org/10.12660/cgpc.v27n86.83110	https://doi.org/10.12660/cgpc.v27n86.83110	Analisar percepções sobre fatores estruturantes de organização do trabalho para inovação no setor público.	Pesquisa qualitativa e descritiva com estudo de casos múltiplos	Equipes interdisciplinares e redes são eficazes para inovação; autonomia, flexibilidade e teletrabalho são emergentes, e limitações orçamentárias estimulam soluções criativas.	2022	Single LatAm Country	Brazil	1	Peer-reviewed article	Public innovation overview	Interviews, Case Study/Comparative Analysis	0	1	0	0
P15	Portuguese	A experiência dos laboratórios de inovação no setor público brasileiro		 https://doi.org/10.13037/gr.vol40.e20248318	Analisar a relação entre a agenda administrativa dos laboratórios de inovação e características burocráticas na gestão pública brasileira.	Estudo exploratório e análise de conteúdo com auxílio do software Iramuteq	Laboratórios de inovação são importantes para propagar cultura inovadora e romper com lógicas burocráticas tradicionais, apesar das dificuldades na mensuração dos resultados e seleção de demandas.	2024	Multiple LatAm Countries	Brazil, Chile	2	Peer-reviewed article	Public innovation overview	Other	1	1	0	0
P16	Portuguese	Laboratórios de inovação no setor público em perspectiva comparada: uma análise exploratória entre Brasil e Espanha	Almeida Olavo, A. V., Pardo Beneyto, G., Nebot, C. P., & Emmendoerfer, M. L. (2022). Laboratórios de inovação no setor público em perspectiva comparada: uma análise exploratória entre Brasil e Espanha. Revista De Gestão E Projetos, 13(2), 89–115. https://doi.org/10.5585/gep.v13i2.21792	https://doi.org/10.5585/gep.v13i2.21792	Comparar concepções e características dos laboratórios de inovação do setor público no Brasil e na Espanha.	Pesquisa qualitativa com entrevistas semiestruturadas e análise documental	Laboratórios focam em métodos de experimentação e mudança radical, criando valor para cidadãos e enfrentando desafios político-administrativos e sociais, especialmente em contextos pós-pandemia.	2022	Single LatAm Country	Brazil	1	Peer-reviewed article	Comparison with other regions	Case Study/Comparative Analysis, Interviews	1	1	1	0
P18	Portuguese	Fomento à inovação no setor público: laboratórios, redes e dados abertos	Oliveira, L. F. (2022). Fomento à inovação no setor público: laboratórios, redes e dados abertos.	https://consad.org.br/wp-content/uploads/2017/05/Painel-23_03.pdf	Descrever a experiência do Conselho da Justiça Federal (CJF) em fomentar inovação pública através de estruturas organizacionais específicas	Revisão bibliográfica e estudo de caso qualitativo	Laboratórios e redes de inovação estimulam práticas inovadoras e melhoram a eficiência na administração pública por meio de dados abertos e maior transparência​Copy of PoJyyJwcy_sJ.	2022	Single LatAm Country	Brazil	1	Conference proceedings	Challenges and influencing factors for success	Systematic Literature Review, Case Study/Comparative Analysis	0	0	0	0
P19	Portuguese	Inovação no setor público: evidências da gestão pública federal brasileira no período 1999-2014	Isidro-Filho, A. (2022). Inovação no setor público: evidências da gestão pública federal brasileira no período 1999-2014.	https://repositorio.ipea.gov.br/server/api/core/bitstreams/a062136d-5a0d-4a0a-a8ec-06815afdc2bc/content	Caracterizar a inovação na gestão pública federal a partir de casos premiados pela Escola Nacional de Administração Pública (ENAP)	Pesquisa exploratória-descritiva e análise documental	A inovação pública é predominantemente incremental e de melhoria, destacando-se pela co-produção e por capacidades em gestão de pessoas e projetos​Copy of rl4WmxKkgYcJ.	2022	Single LatAm Country	Brazil	1	Book Chapter	Public innovation overview, Challenges and influencing factors for success	Case Study/Comparative Analysis	1	1	0	0
P20	Portuguese	Laboratórios de inovação no setor público: Um estudo bibliométrico da literatura internacional na base de dados Web of Science	Bezerra, D. M., Pereira, A. W. R., & Bresciani, L. P. (2020). Laboratórios de inovação no setor público: Um estudo bibliométrico da literatura internacional na base de dados Web of Science.	https://periodicos.ufms.br/index.php/EIGEDIN/article/view/11603/8303	Levantar o estado atual da literatura internacional sobre laboratórios de inovação no setor público	Análise bibliométrica	Laboratórios de inovação são frequentemente autônomos, especializados, pequenos e ágeis, sendo altamente dependentes da colaboração e comunicação informal para influenciar o setor público​Copy of SJpvlftn8AcJ.	2020	Multiple LatAm Countries	Brazil, Chile, Colombia	3	Peer-reviewed article	Public innovation overview	Systematic Literature Review	0	0	1	2
P21	Portuguese	Dá pra fazer – Gestão do conhecimento e inovação em governo	Agune, R., Gregorio, A., Neves, A., Dias, I. M., Carlos, J. A., & Bolliger, S. (2014). Dá pra fazer – Gestão do conhecimento e inovação em governo.	https://www.jfsp.jus.br/documentos/administrativo/UCIN/inovajusp/ijusplab/da-pra-fazer.pdf	Analisar práticas e apresentar estratégias para inovar na gestão pública por meio da gestão do conhecimento	Pesquisa bibliográfica e estudos de casos	A inovação em gestão pública requer ambientes que promovam criatividade, compartilhamento de conhecimento, e metodologias ágeis de trabalho​Copy of tWaYfu5Qbv8J.	2014	Single LatAm Country	Brazil	1	Reports	Challenges and influencing factors for success	Case Study/Comparative Analysis	1	1	2	0
P22	Portuguese	Gestão da Inovação em Serviços Públicos: Uma Análise do Potencial de Inovação dos Serviços Desenvolvidos em Núcleos de Inovação Tecnológica em Instituições de Ensino Superior do Estado do Rio Grande do Norte	Souza, E. F. N., & Amaral, I. G. (n.d.). Gestão da inovação em serviços públicos: Uma análise do potencial de inovação dos serviços desenvolvidos em núcleos de inovação tecnológica em instituições de ensino superior do Estado do Rio Grande do Norte.	https://repositorio.ufersa.edu.br/server/api/core/bitstreams/12fc2cec-4b2a-4701-ad16-4082207935ec/content	Analyze the innovation potential of services developed by Technological Innovation Centers (NITs) in higher education institutions using the Octógono da Inovação Pública tool.	Case study, qualitative approach, structured interviews analyzed with Atlas TI software.	Three dimensions (political and technical leadership, innovation processes, indicators/metrics) limit public service innovation. Key barriers include inadequate leadership, bureaucracy, and scarce resources. Benefits include resource acquisition, process improvement, and inter-institutional collaboration.	2017	Single LatAm Country	Brazil	1	Peer-reviewed article	Public innovation overview, Challenges and influencing factors for success	Case Study/Comparative Analysis, Interviews	3	1	0	0
P23	Portuguese	Redes de inovação e de conhecimento: o impacto do GNova como laboratório de inovação governamental e perspectivas futuras	Diniz, D. G., & Castro, C. C. (2024). Redes de inovação e de conhecimento: O impacto do GNova como laboratório de inovação governamental e perspectivas futuras. P2P & INOVAÇÃO, 10(2), 1-20. https://doi.org/10.21728/p2p.2024v10n2e-6849	https://doi.org/10.21728/p2p.2024v10n2e-6849	Analyze GNova's contribution as a governmental innovation lab in improving public administration and addressing pressing social issues.	Literature review, documentary analysis, complemented by institutional impact reports.	GNova executed significant projects, standing out as an example of best practices. The adoption of networks like GNova is essential to overcoming innovation barriers, promoting collective learning, and administrative modernization.	2024	Single LatAm Country	Brazil	1	Peer-reviewed article	Public innovation overview, Challenges and influencing factors for success	Systematic Literature Review, Case Study/Comparative Analysis	1	2	1	0
P24	Portuguese	Laboratórios de inovação pública: Como e por que criá-los	Ferrarezi, E., & Almeida, G. A. (2023). Laboratórios de inovação pública: Como e por que criá-los. Brasília: Enap.	http://repositorio.enap.gov.br/handle/1/7800	Present possible pathways for creating government innovation labs and discuss generated public value.	Bibliographic and documentary research based on GNova Lab experience and similar cases.	Innovation labs are essential for promoting new approaches in public administration and creating more effective, humanized policies and services, highlighting experimental and user-centered approaches.	2023	Multiple LatAm Countries	Brazil, Chile, Mexico	3	Book Chapter	Public innovation overview, Need for initiatives in public innovation, Challenges and influencing factors for success, Comparison with other regions	Sensemaking, Case Study/Comparative Analysis, Systematic Literature Review	1	0	2	0
P25	Portuguese	IJuspLab: Origem, Evolução e Perspectivas do Primeiro Laboratório de Inovação do Poder Judiciário	Neves Junior, P. C. (2023). IJuspLab: Origem, evolução e perspectivas do primeiro laboratório de inovação do Poder Judiciário.	https://doi.org/10.5151/9788580393941-05	Analyze the creation, challenges, and results obtained by iJuspLab, the first judiciary innovation lab in Brazil.	Case study with training in collaborative methodologies (design thinking), documentary analysis, and literature review.	iJuspLab promoted significant cultural changes within the Judiciary, standing out for implementing innovative solutions and network collaboration, becoming a reference in legal innovation in Brazil.	2023	Single LatAm Country	Brazil	1	Book Chapter	Public innovation overview, Challenges and influencing factors for success	Sensemaking, Workshops, Case Study/Comparative Analysis	2	2	8	4
P26	Portuguese	Laboratório de inovação no setor público: um estudo sobre o MobiLab da cidade de São Paulo	Galhardo, C. (2019). Laboratório de inovação no setor público: um estudo sobre o MobiLab da cidade de São Paulo (Dissertação de Mestrado). Universidade Nove de Julho, São Paulo.	http://bibliotecatede.uninove.br/handle/tede/2039	Analyze the lessons learned in structuring MobiLab and describe them clearly.	Bibliographic and documentary review, structured interviews with triangulation.	Six lessons learned identified: political support, autonomy, open data, team management, contracting models, and publicity. The public sector's connection with startups enables agile and cost-effective technological consumption.	2019	Single LatAm Country	Brazil	1	Peer-reviewed article	Public innovation overview, Challenges and influencing factors for success	Systematic Literature Review, Case Study/Comparative Analysis, Interviews	4	3	0	0
P27	Portuguese	Laboratórios de Inovação no Setor Público: mapeamento e diagnóstico de experiências nacionais	Sano, H. (2020). Laboratórios de Inovação no Setor Público: mapeamento e diagnóstico de experiências nacionais. Brasília: ENAP.	http://repositorio.enap.gov.br/handle/1/5112	Compreender como atuam os laboratórios de inovação no setor público brasileiro e seus resultados	Pesquisa exploratória com mapeamento e entrevistas	Os laboratórios promovem inovação com metodologias ágeis e cocriação; dependência institucional é um desafio; há carência de indicadores de impactoCopy of gVE2LybbiEUJ.	2020	Single LatAm Country	Brazil	1	Reports	Public innovation overview	Systematic Literature Review, Case Study/Comparative Analysis	43	41	0	0
P28	Portuguese	Um estudo bibliométrico acerca dos laboratórios de inovação no setor público	Silva, J. R. C., & Campelo Filho, E. G. (2025). Um estudo bibliométrico acerca dos laboratórios de inovação no setor público. R. Gest. Anál., 14(1), 27-38.	https://doi.org/10.12662/2359-618xregea.v14i1.p27-38.2025	Levantar dados bibliométricos sobre laboratórios de inovação	Estudo bibliométrico com VOSviewer (2018-2024)	Tema emergente; necessidade de estudos práticos e sobre mensuração de resultados; alta concentração de estudos em poucos paísesCopy of DFsM545vtsUJ.	2025	Single LatAm Country	Brazil	1	Peer-reviewed article	Public innovation overview	Systematic Literature Review	0	0	0	0
P30	Portuguese	Laboratórios de Inovação no Setor Público: Um panorama das iniciativas no Brasil	Rocha, A. C. (2022). Laboratórios de Inovação no Setor Público: um panorama das iniciativas no Brasil. UFRN.	https://repositorio.ufrn.br/handle/123456789/51900	Mapear os laboratórios nos três poderes e esferas no Brasil	Pesquisa exploratória, LAI, questionários, revisão de literatura	Foram identificados 167 LISP; há potencial de impacto e inovação, mas enfrentam desafios como institucionalização, financiamento e articulaçãoCopy of DFsM545vtsUJ.	2022	Multiple LatAm Countries	Argentina, Brazil, Chile, Colombia, Uruguay,	5	Undergrad Work	Public innovation overview, Comparison with other regions	Case Study/Comparative Analysis	12	6	0	1
P31	Portuguese	EXPERIMENTANDO O DESIGN NA GESTÃO PÚBLICA: O CASO DO LABORATÓRIO DE INOVAÇÃO DO ESTADO DO RIO DE JANEIRO	Tessarolo, E. M., et al. (2021). EXPERIMENTANDO O DESIGN NA GESTÃO PÚBLICA: O CASO DO LABORATÓRIO DE INOVAÇÃO DO ESTADO DO RIO DE JANEIRO. Revista Ergodesign & HCI, 9(1), 46-51.	https://doi.org/10.22570/ergodesignhci.v9i1.1477	Analisar o impacto do design na gestão pública e na cultura governamental	Estudo de caso, análise documental, observação participante	O design aumenta a cooperação e capacidade estatal; o LAEP operava com foco em eficiência, colaboração e inovação; desafios políticos e estruturais dificultaram sua continuidadeCopy of DFsM545vtsUJ.	2021	Multiple LatAm Countries	Brazil, Argentina, Costa Rica, Colombia, Chile	5	Peer-reviewed article	Public innovation overview	Case Study/Comparative Analysis	6	2	1	1
P32	Portuguese	Aplicação de abordagens inovadoras pelo Laboratório de Inovação em Governo de Minas Gerais para levantamento das necessidades das pessoas com doenças raras	Ribeiro, I. R., et al. (2023). Aplicação de abordagens inovadoras pelo Laboratório de Inovação em Governo de Minas Gerais para levantamento das necessidades das pessoas com doenças raras. GIGAPP Estudios Working Papers, 10(248-255), 101-121.	https://www.gigapp.org/ewp/index.php/GIGAPP-EWP/article/view/308/313	Mapear e co-criar soluções para necessidades de pessoas com doenças raras	Estudo de caso com abordagem de Design Thinking	Projeto com foco em cocriação e empatia gerou soluções viáveis para saúde pública; destacou-se a importância de base de dados, visibilidade e articulação intersetorialCopy of ixEVazzKGlcJ.	2023	Single LatAm Country	Brazil	1	Peer-reviewed article	Public innovation overview	Case Study/Comparative Analysis	1	1	1	0
P33	Portuguese	Laboratório de inovação e intraempreendedorismo no setor público: um estudo no (011).lab da Prefeitura de São Paulo	Olavo, A. V. A. (2020). Laboratório de inovação e intraempreendedorismo no setor público: um estudo no (011).lab da Prefeitura de São Paulo. Dissertação (Mestrado), UFV.	https://locus.ufv.br/server/api/core/bitstreams/7d224465-65dd-4ba8-917c-f8d5f1681968/content	Analisar a relação entre características intraempreendedoras e os resultados do (011).lab	Entrevistas semiestruturadas, pesquisa documental e CEI (questionário)	Há forte correlação entre intraempreendedorismo e inovação; o laboratório gerou inovações incrementais e disruptivas em comunicação, processos e serviçosCopy of DFsM545vtsUJ	2020	Multiple LatAm Countries	Brazil, Chile, Argentina, Colombia	4	Thesis	Public innovation overview, Challenges and influencing factors for success	Case Study/Comparative Analysis, Interviews, Questionnaire	7	7	6	0
P34	Portuguese	Capacidades estatais, inovação e design: estratégias de laboratórios de inovação	Moreira da Silva, C. M., & Tessarolo, E. M. (2020). Capacidades estatais, inovação e design: estratégias de laboratórios de inovação. Anais do 10º Seminário de Administração Pública do IDP.	https://repositorio.enap.gov.br/handle/1/7681	Analisar estratégias de fomento à inovação nos governos estaduais, com foco em capacidades estatais e design.	Estudo de caso, observação participante e revisão bibliográfica	Laboratórios promovem cooperação intergovernamental e mudanças culturais na administração pública, aumentando a capacidade estatal.	2020	Single LatAm Country	Brazil	1	Peer-reviewed article	Public innovation overview	Case Study/Comparative Analysis	4	4	0	0
P35	Portuguese	Perfis e características das equipes e dos laboratórios de inovação no Brasil	Cavalcante, P., Araujo Goellner, I., & Gomes Magalhães, A. (2019). Perfis e características das equipes e dos laboratórios de inovação no Brasil. In P. Cavalcante (Org.), Inovação e políticas públicas: superando o mito da ideia. Ipea.	http://repositorio.ipea.gov.br/handle/11058/9433	Mapear perfis e características organizacionais de laboratórios de inovação no setor público brasileiro.	Survey online com 56 laboratórios, análise exploratória de dados	Os laboratórios são diversos, atuam majoritariamente no setor público, com foco em eficiência e melhoria de serviços; desafios incluem institucionalização e comunicação.	2019	Single LatAm Country	Brazil	1	Book Chapter	Challenges and influencing factors for success	Interviews, Questionnaire, Surveys	0	0	0	0
P36	Portuguese	Experimentação e novas possibilidades em governo	Ferrarezi, E., Lemos, J., & Brandalise, I. (2018). Experimentação e novas possibilidades em governo: aprendizados de um laboratório de inovação. Enap.	https://repositorio.enap.gov.br/bitstream/1/3691/1/Experimenta%C3%A7%C3%A3o%20e%20novas%20possibilidades%20de%20governo%20-%20aprendizados%20de%20um%20laborat%C3%B3rio%20de%20inova%C3%A7%C3%A3o.pdf	Relatar a experiência do GNova e os impactos da experimentação em políticas públicas.	Estudo de caso, entrevistas e análise qualitativa de projetos	O GNova gera valor público ao testar soluções com foco no cidadão e capacita equipes, promovendo inovação institucional.	2018	Single LatAm Country	Brazil	1	Reports	Public innovation overview, Challenges and influencing factors for success	Case Study/Comparative Analysis	1	2	21	0
P37	Portuguese	A equipe de inovação do IJusplab	Martins Jr., H. C., Cestari, E. C., Fessore, G. M., & Martins, L. G. (2022). A equipe de inovação do IJusplab. In Inovação no Judiciário (pp. 223–230).	https://doi.org/10.5151/9788580393941-05	Relatar a formação e as práticas do laboratório de inovação do Judiciário de São Paulo	Relato de experiência e estudo de caso	A inovação no Judiciário é possível por meio de intraempreendedorismo, colaboração e metodologias como design thinking.	2022	Single LatAm Country	Brazil	1	Book Chapter	Public innovation overview, Need for initiatives in public innovation, Challenges and influencing factors for success	Case Study/Comparative Analysis, Workshops, Sensemaking, Interviews	1	1	17	5
P38	Portuguese	Políticas públicas e design thinking: interações para enfrentar desafios contemporâneos	Cavalcante, P., Mendonça, L., & Brandalise, I. (2019). Políticas públicas e design thinking: interações para enfrentar desafios contemporâneos. In P. Cavalcante (Org.), Inovação e políticas públicas: superando o mito da ideia. Ipea.	http://repositorio.ipea.gov.br/handle/11058/9383	Explorar como o design thinking pode contribuir para o processo de formulação e implementação de políticas públicas.	Revisão de literatura e análise conceitual	Design thinking é uma abordagem útil para lidar com problemas públicos complexos, promovendo inovação centrada no ser humano.	2019	Single LatAm Country	Brazil	1	Book Chapter	Challenges and influencing factors for success	Systematic Literature Review, Case Study/Comparative Analysis	2	2	0	0
P39	Portuguese	Turismo criativo e laboratórios de inovação para o desenvolvimento turístico no contexto pós-pandêmico	Emmendoerfer, M., Richards, G., Silva-Junior, A. C., & Mediotte, E. J. (2023). Turismo criativo e laboratórios de inovação para o desenvolvimento turístico no contexto pós-pandêmico: evidências e reflexões. Revista ABET.	https://doi.org/10.5281/zenodo.7726469	Discutir como laboratórios de inovação podem fomentar o turismo criativo e o desenvolvimento urbano.	Revisão narrativa, análise documental e entrevistas	Laboratórios de inovação promovem cooperação e experimentação, contribuindo para cidades mais inclusivas e resilientes no turismo.	2023	Single LatAm Country	Brazil	1	Peer-reviewed article	Comparison with other regions	Systematic Literature Review, Case Study/Comparative Analysis	0	0	0	0
P40	Portuguese	Comportamento intraempreendedor e abordagens de inovação no setor público	Silva-Junior, A. C. (2022). Comportamento intraempreendedor e abordagens de inovação no setor público: um estudo a partir de laboratórios de inovação em governo na América do Sul (Dissertação de Mestrado). Universidade Federal de Viçosa.	https://locus.ufv.br//handle/123456789/29639	Analisar se laboratórios de inovação em governos da América do Sul promovem comportamento intraempreendedor em servidores públicos.	Estudo de casos múltiplos, entrevistas, questionários, análise de conteúdo	Laboratórios estimulam proatividade, liderança e aprendizagem intraempreendedora; superam barreiras como burocracia e comunicação deficiente.	2022	Multiple LatAm Countries	Brazil, Chile, Colombia, Uruguay, Argentina, Ecuador, Peru, Guyana, French Guyana, Suriname, Venezuela	11	Book Chapter	Public innovation overview, Comparison with other regions, Challenges and influencing factors for success	Case Study/Comparative Analysis, Surveys, Questionnaire, Systematic Literature Review	29	20	7	0
P41	Portuguese	Políticas públicas e laboratórios de inovação no setor público: contribuição para a administração pública societal, o caso do GNova	Velasco, S. M. V., Motta, R. O. C., & Costa, G. G. (2022). Políticas públicas e laboratórios de inovação no setor público: contribuição para a administração pública societal, o caso do GNova. IX Encontro Brasileiro de Administração Pública.	https://sbap.org.br/ebap-2022/745.pdf	Analisar se a atuação do GNova contribui para o modelo de Administração Pública Societal.	Estudo de caso, análise bibliográfica e documental	O GNova fortalece a participação social e a deliberação na formulação de políticas públicas, alinhando-se ao modelo de Administração Pública Societal.	2022	Single LatAm Country	Brazil	1	Peer-reviewed article	Challenges and influencing factors for success	Systematic Literature Review, Case Study/Comparative Analysis, Interviews	1	3	1	0
P42	Portuguese	Inovação pública no Brasil: uma visão geral de seus tipos, resultados e indutores	Cavalcante, P., & Camões, M. R. S. (2017). Public Innovation in Brazil: an overview of its types, results and drivers. Brasília: Ipea.	https://repositorio.ipea.gov.br/server/api/core/bitstreams/47570937-687f-4d8d-92c1-a74bffb56971/content	Investigar os tipos, resultados e determinantes da inovação pública no Brasil.	Análise quantitativa baseada em análise de conteúdo dos relatórios de iniciativas finalistas e vencedoras do Concurso Inovação no Setor Público (Cisp).	Predominam inovações incrementais e os principais determinantes são internos, especialmente liderança e recursos organizacionais.	2007	Single LatAm Country	Brazil	1	Book Chapter	Challenges and influencing factors for success	Systematic Literature Review, Questionnaire	1	1	1	0